yagyesh,aa
ashish,bb
ravi,aa
john,e
devendra,b
yagyesh,aa
ashish,bb
ravi,aa
john,e
devendra,b
yagyesh,aa
ashish,bb
ravi,aa
john,e
devendra,b
yagyesh,aa
ashish,bb
ravi,aa
john,e
devendra,b
yagyesh,aa
ashish,bb
ravi,aa
john,e
devendra,b
yagyesh,aa
ashish,bb
ravi,aa
john,e
devendra,b
yagyesh,aa
ashish,bb
ravi,aa
john,e
devendra,b
yagyesh,aa
ashish,bb
ravi,aa
john,e
devendra,b
yagyesh,aa
ashish,bb
ravi,aa
john,e
devendra,b
yagyesh,aa
ashish,bb
ravi,aa
john,e
devendra,b
yagyesh,aa
ashish,bb
ravi,aa
john,e
devendra,b
yagyesh,aa
ashish,bb
ravi,aa
john,e
devendra,b
yagyesh,aa
ashish,bb
ravi,aa
john,e
devendra,b
yagyesh,aa
ashish,bb
ravi,aa
john,e
devendra,b
yagyesh,aa
ashish,bb
ravi,aa
john,e
devendra,b
yagyesh,aa
ashish,bb
ravi,aa
john,e
devendra,b
yagyesh,aa
ashish,bb
ravi,aa
john,e
devendra,b
yagyesh,aa
ashish,bb
ravi,aa
john,e
devendra,b
yagyesh,aa
ashish,bb
ravi,aa
john,e
devendra,b
yagyesh,aa
ashish,bb
ravi,aa
john,e
devendra,b
yagyesh,aa
ashish,bb
ravi,aa
john,e
devendra,b
yagyesh,aa
ashish,bb
ravi,aa
john,e
devendra,b
yagyesh,aa
ashish,bb
ravi,aa
john,e
devendra,b
yagyesh,aa
ashish,bb
ravi,aa
john,e
devendra,b
yagyesh,aa
ashish,bb
ravi,aa
john,e
devendra,b
yagyesh,aa
ashish,bb
ravi,aa
john,e
devendra,b
yagyesh,aa
ashish,bb
ravi,aa
john,e
devendra,b
yagyesh,aa
ashish,bb
ravi,aa
john,e
devendra,b
yagyesh,aa
ashish,bb
ravi,aa
john,e
devendra,b
yagyesh,aa
ashish,bb
ravi,aa
john,e
devendra,b
yagyesh,aa
ashish,bb
ravi,aa
john,e
devendra,b
yagyesh,aa
ashish,bb
ravi,aa
john,e
devendra,b
yagyesh,aa
ashish,bb
ravi,aa
john,e
devendra,b
yagyesh,aa
ashish,bb
ravi,aa
john,e
devendra,b
yagyesh,aa
ashish,bb
ravi,aa
john,e
devendra,b
yagyesh,aa
ashish,bb
ravi,aa
john,e
devendra,b
yagyesh,aa
ashish,bb
ravi,aa
john,e
devendra,b
yagyesh,aa
ashish,bb
ravi,aa
john,e
devendra,b
yagyesh,aa
ashish,bb
ravi,aa
john,e
devendra,b
yagyesh,aa
ashish,bb
ravi,aa
john,e
devendra,b
yagyesh,aa
ashish,bb
ravi,aa
john,e
devendra,b
yagyesh,aa
ashish,bb
ravi,aa
john,e
devendra,b
yagyesh,aa
ashish,bb
ravi,aa
john,e
devendra,b
yagyesh,aa
ashish,bb
ravi,aa
john,e
devendra,b
yagyesh,aa
ashish,bb
ravi,aa
john,e
devendra,b
yagyesh,aa
ashish,bb
ravi,aa
john,e
devendra,b
yagyesh,aa
ashish,bb
ravi,aa
john,e
devendra,b
yagyesh,aa
ashish,bb
ravi,aa
john,e
devendra,b
yagyesh,aa
ashish,bb
ravi,aa
john,e
devendra,b
yagyesh,aa
ashish,bb
ravi,aa
john,e
devendra,b
yagyesh,aa
ashish,bb
ravi,aa
john,e
devendra,b
yagyesh,aa
ashish,bb
ravi,aa
john,e
devendra,b
yagyesh,aa
ashish,bb
ravi,aa
john,e
devendra,b
yagyesh,aa
ashish,bb
ravi,aa
john,e
devendra,b
yagyesh,aa
ashish,bb
ravi,aa
john,e
devendra,b
yagyesh,aa
ashish,bb
ravi,aa
john,e
devendra,b
yagyesh,aa
ashish,bb
ravi,aa
john,e
devendra,b
yagyesh,aa
ashish,bb
ravi,aa
john,e
devendra,b
yagyesh,aa
ashish,bb
ravi,aa
john,e
devendra,b
yagyesh,aa
ashish,bb
ravi,aa
john,e
devendra,b
yagyesh,aa
ashish,bb
ravi,aa
john,e
devendra,b
yagyesh,aa
ashish,bb
ravi,aa
john,e
devendra,b
yagyesh,aa
ashish,bb
ravi,aa
john,e
devendra,b
yagyesh,aa
ashish,bb
ravi,aa
john,e
devendra,b
yagyesh,aa
ashish,bb
ravi,aa
john,e
devendra,b
yagyesh,aa
ashish,bb
ravi,aa
john,e
devendra,b
yagyesh,aa
ashish,bb
ravi,aa
john,e
devendra,b
yagyesh,aa
ashish,bb
ravi,aa
john,e
devendra,b
yagyesh,aa
ashish,bb
ravi,aa
john,e
devendra,b
yagyesh,aa
ashish,bb
ravi,aa
john,e
devendra,b
yagyesh,aa
ashish,bb
ravi,aa
john,e
devendra,b
yagyesh,aa
ashish,bb
ravi,aa
john,e
devendra,b
yagyesh,aa
ashish,bb
ravi,aa
john,e
devendra,b
yagyesh,aa
ashish,bb
ravi,aa
john,e
devendra,b
yagyesh,aa
ashish,bb
ravi,aa
john,e
devendra,b
yagyesh,aa
ashish,bb
ravi,aa
john,e
devendra,b
yagyesh,aa
ashish,bb
ravi,aa
john,e
devendra,b
yagyesh,aa
ashish,bb
ravi,aa
john,e
devendra,b
yagyesh,aa
ashish,bb
ravi,aa
john,e
devendra,b
yagyesh,aa
ashish,bb
ravi,aa
john,e
devendra,b
yagyesh,aa
ashish,bb
ravi,aa
john,e
devendra,b
yagyesh,aa
ashish,bb
ravi,aa
john,e
devendra,b
yagyesh,aa
ashish,bb
ravi,aa
john,e
devendra,b
yagyesh,aa
ashish,bb
ravi,aa
john,e
devendra,b
yagyesh,aa
ashish,bb
ravi,aa
john,e
devendra,b
yagyesh,aa
ashish,bb
ravi,aa
john,e
devendra,b
yagyesh,aa
ashish,bb
ravi,aa
john,e
devendra,b
yagyesh,aa
ashish,bb
ravi,aa
john,e
devendra,b
yagyesh,aa
ashish,bb
ravi,aa
john,e
devendra,b
yagyesh,aa
ashish,bb
ravi,aa
john,e
devendra,b
yagyesh,aa
ashish,bb
ravi,aa
john,e
devendra,b
yagyesh,aa
ashish,bb
ravi,aa
john,e
devendra,b
yagyesh,aa
ashish,bb
ravi,aa
john,e
devendra,b
yagyesh,aa
ashish,bb
ravi,aa
john,e
devendra,b
yagyesh,aa
ashish,bb
ravi,aa
john,e
devendra,b
yagyesh,aa
ashish,bb
ravi,aa
john,e
devendra,b
yagyesh,aa
ashish,bb
ravi,aa
john,e
devendra,b
yagyesh,aa
ashish,bb
ravi,aa
john,e
devendra,b
yagyesh,aa
ashish,bb
ravi,aa
john,e
devendra,b
yagyesh,aa
ashish,bb
ravi,aa
john,e
devendra,b
yagyesh,aa
ashish,bb
ravi,aa
john,e
devendra,b
yagyesh,aa
ashish,bb
ravi,aa
john,e
devendra,b
yagyesh,aa
ashish,bb
ravi,aa
john,e
devendra,b
yagyesh,aa
ashish,bb
ravi,aa
john,e
devendra,b
yagyesh,aa
ashish,bb
ravi,aa
john,e
devendra,b
yagyesh,aa
ashish,bb
ravi,aa
john,e
devendra,b
yagyesh,aa
ashish,bb
ravi,aa
john,e
devendra,b
yagyesh,aa
ashish,bb
ravi,aa
john,e
devendra,b
yagyesh,aa
ashish,bb
ravi,aa
john,e
devendra,b
yagyesh,aa
ashish,bb
ravi,aa
john,e
devendra,b
yagyesh,aa
ashish,bb
ravi,aa
john,e
devendra,b
yagyesh,aa
ashish,bb
ravi,aa
john,e
devendra,b
yagyesh,aa
ashish,bb
ravi,aa
john,e
devendra,b
yagyesh,aa
ashish,bb
ravi,aa
john,e
devendra,b
yagyesh,aa
ashish,bb
ravi,aa
john,e
devendra,b
yagyesh,aa
ashish,bb
ravi,aa
john,e
devendra,b
yagyesh,aa
ashish,bb
ravi,aa
john,e
devendra,b
yagyesh,aa
ashish,bb
ravi,aa
john,e
devendra,b
yagyesh,aa
ashish,bb
ravi,aa
john,e
devendra,b
yagyesh,aa
ashish,bb
ravi,aa
john,e
devendra,b
yagyesh,aa
ashish,bb
ravi,aa
john,e
devendra,b
yagyesh,aa
ashish,bb
ravi,aa
john,e
devendra,b
yagyesh,aa
ashish,bb
ravi,aa
john,e
devendra,b
yagyesh,aa
ashish,bb
ravi,aa
john,e
devendra,b
yagyesh,aa
ashish,bb
ravi,aa
john,e
devendra,b
yagyesh,aa
ashish,bb
ravi,aa
john,e
devendra,b
yagyesh,aa
ashish,bb
ravi,aa
john,e
devendra,b
yagyesh,aa
ashish,bb
ravi,aa
john,e
devendra,b
yagyesh,aa
ashish,bb
ravi,aa
john,e
devendra,b
yagyesh,aa
ashish,bb
ravi,aa
john,e
devendra,b
yagyesh,aa
ashish,bb
ravi,aa
john,e
devendra,b
yagyesh,aa
ashish,bb
ravi,aa
john,e
devendra,b
yagyesh,aa
ashish,bb
ravi,aa
john,e
devendra,b
yagyesh,aa
ashish,bb
ravi,aa
john,e
devendra,b
yagyesh,aa
ashish,bb
ravi,aa
john,e
devendra,b
yagyesh,aa
ashish,bb
ravi,aa
john,e
devendra,b
yagyesh,aa
ashish,bb
ravi,aa
john,e
devendra,b
yagyesh,aa
ashish,bb
ravi,aa
john,e
devendra,b
yagyesh,aa
ashish,bb
ravi,aa
john,e
devendra,b
yagyesh,aa
ashish,bb
ravi,aa
john,e
devendra,b
yagyesh,aa
ashish,bb
ravi,aa
john,e
devendra,b
yagyesh,aa
ashish,bb
ravi,aa
john,e
devendra,b
yagyesh,aa
ashish,bb
ravi,aa
john,e
devendra,b
yagyesh,aa
ashish,bb
ravi,aa
john,e
devendra,b
yagyesh,aa
ashish,bb
ravi,aa
john,e
devendra,b
yagyesh,aa
ashish,bb
ravi,aa
john,e
devendra,b
yagyesh,aa
ashish,bb
ravi,aa
john,e
devendra,b
yagyesh,aa
ashish,bb
ravi,aa
john,e
devendra,b
yagyesh,aa
ashish,bb
ravi,aa
john,e
devendra,b
yagyesh,aa
ashish,bb
ravi,aa
john,e
devendra,b
yagyesh,aa
ashish,bb
ravi,aa
john,e
devendra,b
yagyesh,aa
ashish,bb
ravi,aa
john,e
devendra,b
yagyesh,aa
ashish,bb
ravi,aa
john,e
devendra,b
yagyesh,aa
ashish,bb
ravi,aa
john,e
devendra,b
yagyesh,aa
ashish,bb
ravi,aa
john,e
devendra,b
yagyesh,aa
ashish,bb
ravi,aa
john,e
devendra,b
yagyesh,aa
ashish,bb
ravi,aa
john,e
devendra,b
yagyesh,aa
ashish,bb
ravi,aa
john,e
devendra,b
yagyesh,aa
ashish,bb
ravi,aa
john,e
devendra,b
yagyesh,aa
ashish,bb
ravi,aa
john,e
devendra,b
yagyesh,aa
ashish,bb
ravi,aa
john,e
devendra,b
yagyesh,aa
ashish,bb
ravi,aa
john,e
devendra,b
yagyesh,aa
ashish,bb
ravi,aa
john,e
devendra,b
yagyesh,aa
ashish,bb
ravi,aa
john,e
devendra,b
yagyesh,aa
ashish,bb
ravi,aa
john,e
devendra,b
yagyesh,aa
ashish,bb
ravi,aa
john,e
devendra,b
yagyesh,aa
ashish,bb
ravi,aa
john,e
devendra,b
yagyesh,aa
ashish,bb
ravi,aa
john,e
devendra,b
yagyesh,aa
ashish,bb
ravi,aa
john,e
devendra,b
yagyesh,aa
ashish,bb
ravi,aa
john,e
devendra,b
yagyesh,aa
ashish,bb
ravi,aa
john,e
devendra,b
yagyesh,aa
ashish,bb
ravi,aa
john,e
devendra,b
yagyesh,aa
ashish,bb
ravi,aa
john,e
devendra,b
yagyesh,aa
ashish,bb
ravi,aa
john,e
devendra,b
yagyesh,aa
ashish,bb
ravi,aa
john,e
devendra,b
yagyesh,aa
ashish,bb
ravi,aa
john,e
devendra,b
yagyesh,aa
ashish,bb
ravi,aa
john,e
devendra,b
yagyesh,aa
ashish,bb
ravi,aa
john,e
devendra,b
yagyesh,aa
ashish,bb
ravi,aa
john,e
devendra,b
yagyesh,aa
ashish,bb
ravi,aa
john,e
devendra,b
yagyesh,aa
ashish,bb
ravi,aa
john,e
devendra,b
yagyesh,aa
ashish,bb
ravi,aa
john,e
devendra,b
yagyesh,aa
ashish,bb
ravi,aa
john,e
devendra,b
yagyesh,aa
ashish,bb
ravi,aa
john,e
devendra,b
yagyesh,aa
ashish,bb
ravi,aa
john,e
devendra,b
yagyesh,aa
ashish,bb
ravi,aa
john,e
devendra,b
yagyesh,aa
ashish,bb
ravi,aa
john,e
devendra,b
yagyesh,aa
ashish,bb
ravi,aa
john,e
devendra,b
yagyesh,aa
ashish,bb
ravi,aa
john,e
devendra,b
yagyesh,aa
ashish,bb
ravi,aa
john,e
devendra,b
yagyesh,aa
ashish,bb
ravi,aa
john,e
devendra,b
yagyesh,aa
ashish,bb
ravi,aa
john,e
devendra,b
yagyesh,aa
ashish,bb
ravi,aa
john,e
devendra,b
yagyesh,aa
ashish,bb
ravi,aa
john,e
devendra,b
yagyesh,aa
ashish,bb
ravi,aa
john,e
devendra,b
yagyesh,aa
ashish,bb
ravi,aa
john,e
devendra,b
yagyesh,aa
ashish,bb
ravi,aa
john,e
devendra,b
yagyesh,aa
ashish,bb
ravi,aa
john,e
devendra,b
yagyesh,aa
ashish,bb
ravi,aa
john,e
devendra,b
yagyesh,aa
ashish,bb
ravi,aa
john,e
devendra,b
yagyesh,aa
ashish,bb
ravi,aa
john,e
devendra,b
yagyesh,aa
ashish,bb
ravi,aa
john,e
devendra,b
yagyesh,aa
ashish,bb
ravi,aa
john,e
devendra,b
yagyesh,aa
ashish,bb
ravi,aa
john,e
devendra,b
yagyesh,aa
ashish,bb
ravi,aa
john,e
devendra,b
yagyesh,aa
ashish,bb
ravi,aa
john,e
devendra,b
yagyesh,aa
ashish,bb
ravi,aa
john,e
devendra,b
yagyesh,aa
ashish,bb
ravi,aa
john,e
devendra,b
yagyesh,aa
ashish,bb
ravi,aa
john,e
devendra,b
yagyesh,aa
ashish,bb
ravi,aa
john,e
devendra,b
yagyesh,aa
ashish,bb
ravi,aa
john,e
devendra,b
yagyesh,aa
ashish,bb
ravi,aa
john,e
devendra,b
yagyesh,aa
ashish,bb
ravi,aa
john,e
devendra,b
yagyesh,aa
ashish,bb
ravi,aa
john,e
devendra,b
yagyesh,aa
ashish,bb
ravi,aa
john,e
devendra,b
yagyesh,aa
ashish,bb
ravi,aa
john,e
devendra,b
yagyesh,aa
ashish,bb
ravi,aa
john,e
devendra,b
yagyesh,aa
ashish,bb
ravi,aa
john,e
devendra,b
yagyesh,aa
ashish,bb
ravi,aa
john,e
devendra,b
yagyesh,aa
ashish,bb
ravi,aa
john,e
devendra,b
yagyesh,aa
ashish,bb
ravi,aa
john,e
devendra,b
yagyesh,aa
ashish,bb
ravi,aa
john,e
devendra,b
yagyesh,aa
ashish,bb
ravi,aa
john,e
devendra,b
yagyesh,aa
ashish,bb
ravi,aa
john,e
devendra,b
yagyesh,aa
ashish,bb
ravi,aa
john,e
devendra,b
yagyesh,aa
ashish,bb
ravi,aa
john,e
devendra,b
yagyesh,aa
ashish,bb
ravi,aa
john,e
devendra,b
yagyesh,aa
ashish,bb
ravi,aa
john,e
devendra,b
yagyesh,aa
ashish,bb
ravi,aa
john,e
devendra,b
yagyesh,aa
ashish,bb
ravi,aa
john,e
devendra,b
yagyesh,aa
ashish,bb
ravi,aa
john,e
devendra,b
yagyesh,aa
ashish,bb
ravi,aa
john,e
devendra,b
yagyesh,aa
ashish,bb
ravi,aa
john,e
devendra,b
yagyesh,aa
ashish,bb
ravi,aa
john,e
devendra,b
yagyesh,aa
ashish,bb
ravi,aa
john,e
devendra,b
yagyesh,aa
ashish,bb
ravi,aa
john,e
devendra,b
yagyesh,aa
ashish,bb
ravi,aa
john,e
devendra,b
yagyesh,aa
ashish,bb
ravi,aa
john,e
devendra,b
yagyesh,aa
ashish,bb
ravi,aa
john,e
devendra,b
yagyesh,aa
ashish,bb
ravi,aa
john,e
devendra,b
yagyesh,aa
ashish,bb
ravi,aa
john,e
devendra,b
yagyesh,aa
ashish,bb
ravi,aa
john,e
devendra,b
yagyesh,aa
ashish,bb
ravi,aa
john,e
devendra,b
yagyesh,aa
ashish,bb
ravi,aa
john,e
devendra,b
yagyesh,aa
ashish,bb
ravi,aa
john,e
devendra,b
yagyesh,aa
ashish,bb
ravi,aa
john,e
devendra,b
yagyesh,aa
ashish,bb
ravi,aa
john,e
devendra,b
yagyesh,aa
ashish,bb
ravi,aa
john,e
devendra,b
yagyesh,aa
ashish,bb
ravi,aa
john,e
devendra,b
yagyesh,aa
ashish,bb
ravi,aa
john,e
devendra,b
yagyesh,aa
ashish,bb
ravi,aa
john,e
devendra,b
yagyesh,aa
ashish,bb
ravi,aa
john,e
devendra,b
yagyesh,aa
ashish,bb
ravi,aa
john,e
devendra,b
yagyesh,aa
ashish,bb
ravi,aa
john,e
devendra,b
yagyesh,aa
ashish,bb
ravi,aa
john,e
devendra,b
yagyesh,aa
ashish,bb
ravi,aa
john,e
devendra,b
yagyesh,aa
ashish,bb
ravi,aa
john,e
devendra,b
yagyesh,aa
ashish,bb
ravi,aa
john,e
devendra,b
yagyesh,aa
ashish,bb
ravi,aa
john,e
devendra,b
yagyesh,aa
ashish,bb
ravi,aa
john,e
devendra,b
yagyesh,aa
ashish,bb
ravi,aa
john,e
devendra,b
yagyesh,aa
ashish,bb
ravi,aa
john,e
devendra,b
yagyesh,aa
ashish,bb
ravi,aa
john,e
devendra,b
yagyesh,aa
ashish,bb
ravi,aa
john,e
devendra,b
yagyesh,aa
ashish,bb
ravi,aa
john,e
devendra,b
yagyesh,aa
ashish,bb
ravi,aa
john,e
devendra,b
yagyesh,aa
ashish,bb
ravi,aa
john,e
devendra,b
yagyesh,aa
ashish,bb
ravi,aa
john,e
devendra,b
yagyesh,aa
ashish,bb
ravi,aa
john,e
devendra,b
yagyesh,aa
ashish,bb
ravi,aa
john,e
devendra,b
yagyesh,aa
ashish,bb
ravi,aa
john,e
devendra,b
yagyesh,aa
ashish,bb
ravi,aa
john,e
devendra,b
yagyesh,aa
ashish,bb
ravi,aa
john,e
devendra,b
yagyesh,aa
ashish,bb
ravi,aa
john,e
devendra,b
yagyesh,aa
ashish,bb
ravi,aa
john,e
devendra,b
yagyesh,aa
ashish,bb
ravi,aa
john,e
devendra,b
yagyesh,aa
ashish,bb
ravi,aa
john,e
devendra,b
yagyesh,aa
ashish,bb
ravi,aa
john,e
devendra,b
yagyesh,aa
ashish,bb
ravi,aa
john,e
devendra,b
yagyesh,aa
ashish,bb
ravi,aa
john,e
devendra,b
yagyesh,aa
ashish,bb
ravi,aa
john,e
devendra,b
yagyesh,aa
ashish,bb
ravi,aa
john,e
devendra,b
yagyesh,aa
ashish,bb
ravi,aa
john,e
devendra,b
yagyesh,aa
ashish,bb
ravi,aa
john,e
devendra,b
yagyesh,aa
ashish,bb
ravi,aa
john,e
devendra,b
yagyesh,aa
ashish,bb
ravi,aa
john,e
devendra,b
yagyesh,aa
ashish,bb
ravi,aa
john,e
devendra,b
yagyesh,aa
ashish,bb
ravi,aa
john,e
devendra,b
yagyesh,aa
ashish,bb
ravi,aa
john,e
devendra,b
yagyesh,aa
ashish,bb
ravi,aa
john,e
devendra,b
yagyesh,aa
ashish,bb
ravi,aa
john,e
devendra,b
yagyesh,aa
ashish,bb
ravi,aa
john,e
devendra,b
yagyesh,aa
ashish,bb
ravi,aa
john,e
devendra,b
yagyesh,aa
ashish,bb
ravi,aa
john,e
devendra,b
yagyesh,aa
ashish,bb
ravi,aa
john,e
devendra,b
yagyesh,aa
ashish,bb
ravi,aa
john,e
devendra,b
yagyesh,aa
ashish,bb
ravi,aa
john,e
devendra,b
yagyesh,aa
ashish,bb
ravi,aa
john,e
devendra,b
yagyesh,aa
ashish,bb
ravi,aa
john,e
devendra,b
yagyesh,aa
ashish,bb
ravi,aa
john,e
devendra,b
yagyesh,aa
ashish,bb
ravi,aa
john,e
devendra,b
yagyesh,aa
ashish,bb
ravi,aa
john,e
devendra,b
yagyesh,aa
ashish,bb
ravi,aa
john,e
devendra,b
yagyesh,aa
ashish,bb
ravi,aa
john,e
devendra,b
yagyesh,aa
ashish,bb
ravi,aa
john,e
devendra,b
yagyesh,aa
ashish,bb
ravi,aa
john,e
devendra,b
yagyesh,aa
ashish,bb
ravi,aa
john,e
devendra,b
yagyesh,aa
ashish,bb
ravi,aa
john,e
devendra,b
yagyesh,aa
ashish,bb
ravi,aa
john,e
devendra,b
yagyesh,aa
ashish,bb
ravi,aa
john,e
devendra,b
yagyesh,aa
ashish,bb
ravi,aa
john,e
devendra,b
yagyesh,aa
ashish,bb
ravi,aa
john,e
devendra,b
yagyesh,aa
ashish,bb
ravi,aa
john,e
devendra,b
yagyesh,aa
ashish,bb
ravi,aa
john,e
devendra,b
yagyesh,aa
ashish,bb
ravi,aa
john,e
devendra,b
yagyesh,aa
ashish,bb
ravi,aa
john,e
devendra,b
yagyesh,aa
ashish,bb
ravi,aa
john,e
devendra,b
yagyesh,aa
ashish,bb
ravi,aa
john,e
devendra,b
yagyesh,aa
ashish,bb
ravi,aa
john,e
devendra,b
yagyesh,aa
ashish,bb
ravi,aa
john,e
devendra,b
yagyesh,aa
ashish,bb
ravi,aa
john,e
devendra,b
yagyesh,aa
ashish,bb
ravi,aa
john,e
devendra,b
yagyesh,aa
ashish,bb
ravi,aa
john,e
devendra,b
yagyesh,aa
ashish,bb
ravi,aa
john,e
devendra,b
yagyesh,aa
ashish,bb
ravi,aa
john,e
devendra,b
yagyesh,aa
ashish,bb
ravi,aa
john,e
devendra,b
yagyesh,aa
ashish,bb
ravi,aa
john,e
devendra,b
yagyesh,aa
ashish,bb
ravi,aa
john,e
devendra,b
yagyesh,aa
ashish,bb
ravi,aa
john,e
devendra,b
yagyesh,aa
ashish,bb
ravi,aa
john,e
devendra,b
yagyesh,aa
ashish,bb
ravi,aa
john,e
devendra,b
yagyesh,aa
ashish,bb
ravi,aa
john,e
devendra,b
yagyesh,aa
ashish,bb
ravi,aa
john,e
devendra,b
yagyesh,aa
ashish,bb
ravi,aa
john,e
devendra,b
yagyesh,aa
ashish,bb
ravi,aa
john,e
devendra,b
yagyesh,aa
ashish,bb
ravi,aa
john,e
devendra,b
yagyesh,aa
ashish,bb
ravi,aa
john,e
devendra,b
yagyesh,aa
ashish,bb
ravi,aa
john,e
devendra,b
yagyesh,aa
ashish,bb
ravi,aa
john,e
devendra,b
yagyesh,aa
ashish,bb
ravi,aa
john,e
devendra,b
yagyesh,aa
ashish,bb
ravi,aa
john,e
devendra,b
yagyesh,aa
ashish,bb
ravi,aa
john,e
devendra,b
yagyesh,aa
ashish,bb
ravi,aa
john,e
devendra,b
yagyesh,aa
ashish,bb
ravi,aa
john,e
devendra,b
yagyesh,aa
ashish,bb
ravi,aa
john,e
devendra,b
yagyesh,aa
ashish,bb
ravi,aa
john,e
devendra,b
yagyesh,aa
ashish,bb
ravi,aa
john,e
devendra,b
yagyesh,aa
ashish,bb
ravi,aa
john,e
devendra,b
yagyesh,aa
ashish,bb
ravi,aa
john,e
devendra,b
yagyesh,aa
ashish,bb
ravi,aa
john,e
devendra,b
yagyesh,aa
ashish,bb
ravi,aa
john,e
devendra,b
yagyesh,aa
ashish,bb
ravi,aa
john,e
devendra,b
yagyesh,aa
ashish,bb
ravi,aa
john,e
devendra,b
yagyesh,aa
ashish,bb
ravi,aa
john,e
devendra,b
yagyesh,aa
ashish,bb
ravi,aa
john,e
devendra,b
yagyesh,aa
ashish,bb
ravi,aa
john,e
devendra,b
yagyesh,aa
ashish,bb
ravi,aa
john,e
devendra,b
yagyesh,aa
ashish,bb
ravi,aa
john,e
devendra,b
yagyesh,aa
ashish,bb
ravi,aa
john,e
devendra,b
yagyesh,aa
ashish,bb
ravi,aa
john,e
devendra,b
yagyesh,aa
ashish,bb
ravi,aa
john,e
devendra,b
yagyesh,aa
ashish,bb
ravi,aa
john,e
devendra,b
yagyesh,aa
ashish,bb
ravi,aa
john,e
devendra,b
yagyesh,aa
ashish,bb
ravi,aa
john,e
devendra,b
yagyesh,aa
ashish,bb
ravi,aa
john,e
devendra,b
yagyesh,aa
ashish,bb
ravi,aa
john,e
devendra,b
yagyesh,aa
ashish,bb
ravi,aa
john,e
devendra,b
yagyesh,aa
ashish,bb
ravi,aa
john,e
devendra,b
yagyesh,aa
ashish,bb
ravi,aa
john,e
devendra,b
yagyesh,aa
ashish,bb
ravi,aa
john,e
devendra,b
yagyesh,aa
ashish,bb
ravi,aa
john,e
devendra,b
yagyesh,aa
ashish,bb
ravi,aa
john,e
devendra,b
yagyesh,aa
ashish,bb
ravi,aa
john,e
devendra,b
yagyesh,aa
ashish,bb
ravi,aa
john,e
devendra,b
yagyesh,aa
ashish,bb
ravi,aa
john,e
devendra,b
yagyesh,aa
ashish,bb
ravi,aa
john,e
devendra,b
yagyesh,aa
ashish,bb
ravi,aa
john,e
devendra,b
yagyesh,aa
ashish,bb
ravi,aa
john,e
devendra,b
yagyesh,aa
ashish,bb
ravi,aa
john,e
devendra,b
yagyesh,aa
ashish,bb
ravi,aa
john,e
devendra,b
yagyesh,aa
ashish,bb
ravi,aa
john,e
devendra,b
yagyesh,aa
ashish,bb
ravi,aa
john,e
devendra,b
yagyesh,aa
ashish,bb
ravi,aa
john,e
devendra,b
yagyesh,aa
ashish,bb
ravi,aa
john,e
devendra,b
yagyesh,aa
ashish,bb
ravi,aa
john,e
devendra,b
yagyesh,aa
ashish,bb
ravi,aa
john,e
devendra,b
yagyesh,aa
ashish,bb
ravi,aa
john,e
devendra,b
yagyesh,aa
ashish,bb
ravi,aa
john,e
devendra,b
yagyesh,aa
ashish,bb
ravi,aa
john,e
devendra,b
yagyesh,aa
ashish,bb
ravi,aa
john,e
devendra,b
yagyesh,aa
ashish,bb
ravi,aa
john,e
devendra,b
yagyesh,aa
ashish,bb
ravi,aa
john,e
devendra,b
yagyesh,aa
ashish,bb
ravi,aa
john,e
devendra,b
yagyesh,aa
ashish,bb
ravi,aa
john,e
devendra,b
yagyesh,aa
ashish,bb
ravi,aa
john,e
devendra,b
yagyesh,aa
ashish,bb
ravi,aa
john,e
devendra,b
yagyesh,aa
ashish,bb
ravi,aa
john,e
devendra,b
yagyesh,aa
ashish,bb
ravi,aa
john,e
devendra,b
yagyesh,aa
ashish,bb
ravi,aa
john,e
devendra,b
yagyesh,aa
ashish,bb
ravi,aa
john,e
devendra,b
yagyesh,aa
ashish,bb
ravi,aa
john,e
devendra,b
yagyesh,aa
ashish,bb
ravi,aa
john,e
devendra,b
yagyesh,aa
ashish,bb
ravi,aa
john,e
devendra,b
yagyesh,aa
ashish,bb
ravi,aa
john,e
devendra,b
yagyesh,aa
ashish,bb
ravi,aa
john,e
devendra,b
yagyesh,aa
ashish,bb
ravi,aa
john,e
devendra,b
yagyesh,aa
ashish,bb
ravi,aa
john,e
devendra,b
yagyesh,aa
ashish,bb
ravi,aa
john,e
devendra,b
yagyesh,aa
ashish,bb
ravi,aa
john,e
devendra,b
yagyesh,aa
ashish,bb
ravi,aa
john,e
devendra,b
yagyesh,aa
ashish,bb
ravi,aa
john,e
devendra,b
yagyesh,aa
ashish,bb
ravi,aa
john,e
devendra,b
yagyesh,aa
ashish,bb
ravi,aa
john,e
devendra,b
yagyesh,aa
ashish,bb
ravi,aa
john,e
devendra,b
yagyesh,aa
ashish,bb
ravi,aa
john,e
devendra,b
yagyesh,aa
ashish,bb
ravi,aa
john,e
devendra,b
yagyesh,aa
ashish,bb
ravi,aa
john,e
devendra,b
yagyesh,aa
ashish,bb
ravi,aa
john,e
devendra,b
yagyesh,aa
ashish,bb
ravi,aa
john,e
devendra,b
yagyesh,aa
ashish,bb
ravi,aa
john,e
devendra,b
yagyesh,aa
ashish,bb
ravi,aa
john,e
devendra,b
yagyesh,aa
ashish,bb
ravi,aa
john,e
devendra,b
yagyesh,aa
ashish,bb
ravi,aa
john,e
devendra,b
yagyesh,aa
ashish,bb
ravi,aa
john,e
devendra,b
yagyesh,aa
ashish,bb
ravi,aa
john,e
devendra,b
yagyesh,aa
ashish,bb
ravi,aa
john,e
devendra,b
yagyesh,aa
ashish,bb
ravi,aa
john,e
devendra,b
yagyesh,aa
ashish,bb
ravi,aa
john,e
devendra,b
yagyesh,aa
ashish,bb
ravi,aa
john,e
devendra,b
yagyesh,aa
ashish,bb
ravi,aa
john,e
devendra,b
yagyesh,aa
ashish,bb
ravi,aa
john,e
devendra,b
yagyesh,aa
ashish,bb
ravi,aa
john,e
devendra,b
yagyesh,aa
ashish,bb
ravi,aa
john,e
devendra,b
yagyesh,aa
ashish,bb
ravi,aa
john,e
devendra,b
yagyesh,aa
ashish,bb
ravi,aa
john,e
devendra,b
yagyesh,aa
ashish,bb
ravi,aa
john,e
devendra,b
yagyesh,aa
ashish,bb
ravi,aa
john,e
devendra,b
yagyesh,aa
ashish,bb
ravi,aa
john,e
devendra,b
yagyesh,aa
ashish,bb
ravi,aa
john,e
devendra,b
yagyesh,aa
ashish,bb
ravi,aa
john,e
devendra,b
yagyesh,aa
ashish,bb
ravi,aa
john,e
devendra,b
yagyesh,aa
ashish,bb
ravi,aa
john,e
devendra,b
yagyesh,aa
ashish,bb
ravi,aa
john,e
devendra,b
yagyesh,aa
ashish,bb
ravi,aa
john,e
devendra,b
yagyesh,aa
ashish,bb
ravi,aa
john,e
devendra,b
yagyesh,aa
ashish,bb
ravi,aa
john,e
devendra,b
yagyesh,aa
ashish,bb
ravi,aa
john,e
devendra,b
yagyesh,aa
ashish,bb
ravi,aa
john,e
devendra,b
yagyesh,aa
ashish,bb
ravi,aa
john,e
devendra,b
yagyesh,aa
ashish,bb
ravi,aa
john,e
devendra,b
yagyesh,aa
ashish,bb
ravi,aa
john,e
devendra,b
yagyesh,aa
ashish,bb
ravi,aa
john,e
devendra,b
yagyesh,aa
ashish,bb
ravi,aa
john,e
devendra,b
yagyesh,aa
ashish,bb
ravi,aa
john,e
devendra,b
yagyesh,aa
ashish,bb
ravi,aa
john,e
devendra,b
yagyesh,aa
ashish,bb
ravi,aa
john,e
devendra,b
yagyesh,aa
ashish,bb
ravi,aa
john,e
devendra,b
yagyesh,aa
ashish,bb
ravi,aa
john,e
devendra,b
yagyesh,aa
ashish,bb
ravi,aa
john,e
devendra,b
yagyesh,aa
ashish,bb
ravi,aa
john,e
devendra,b
yagyesh,aa
ashish,bb
ravi,aa
john,e
devendra,b
yagyesh,aa
ashish,bb
ravi,aa
john,e
devendra,b
yagyesh,aa
ashish,bb
ravi,aa
john,e
devendra,b
yagyesh,aa
ashish,bb
ravi,aa
john,e
devendra,b
yagyesh,aa
ashish,bb
ravi,aa
john,e
devendra,b
yagyesh,aa
ashish,bb
ravi,aa
john,e
devendra,b
yagyesh,aa
ashish,bb
ravi,aa
john,e
devendra,b
yagyesh,aa
ashish,bb
ravi,aa
john,e
devendra,b
yagyesh,aa
ashish,bb
ravi,aa
john,e
devendra,b
yagyesh,aa
ashish,bb
ravi,aa
john,e
devendra,b
yagyesh,aa
ashish,bb
ravi,aa
john,e
devendra,b
yagyesh,aa
ashish,bb
ravi,aa
john,e
devendra,b
yagyesh,aa
ashish,bb
ravi,aa
john,e
devendra,b
yagyesh,aa
ashish,bb
ravi,aa
john,e
devendra,b
yagyesh,aa
ashish,bb
ravi,aa
john,e
devendra,b
yagyesh,aa
ashish,bb
ravi,aa
john,e
devendra,b
yagyesh,aa
ashish,bb
ravi,aa
john,e
devendra,b
yagyesh,aa
ashish,bb
ravi,aa
john,e
devendra,b
yagyesh,aa
ashish,bb
ravi,aa
john,e
devendra,b
yagyesh,aa
ashish,bb
ravi,aa
john,e
devendra,b
yagyesh,aa
ashish,bb
ravi,aa
john,e
devendra,b
yagyesh,aa
ashish,bb
ravi,aa
john,e
devendra,b
yagyesh,aa
ashish,bb
ravi,aa
john,e
devendra,b
yagyesh,aa
ashish,bb
ravi,aa
john,e
devendra,b
yagyesh,aa
ashish,bb
ravi,aa
john,e
devendra,b
yagyesh,aa
ashish,bb
ravi,aa
john,e
devendra,b
yagyesh,aa
ashish,bb
ravi,aa
john,e
devendra,b
yagyesh,aa
ashish,bb
ravi,aa
john,e
devendra,b
yagyesh,aa
ashish,bb
ravi,aa
john,e
devendra,b
yagyesh,aa
ashish,bb
ravi,aa
john,e
devendra,b
yagyesh,aa
ashish,bb
ravi,aa
john,e
devendra,b
yagyesh,aa
ashish,bb
ravi,aa
john,e
devendra,b
yagyesh,aa
ashish,bb
ravi,aa
john,e
devendra,b
yagyesh,aa
ashish,bb
ravi,aa
john,e
devendra,b
yagyesh,aa
ashish,bb
ravi,aa
john,e
devendra,b
yagyesh,aa
ashish,bb
ravi,aa
john,e
devendra,b
yagyesh,aa
ashish,bb
ravi,aa
john,e
devendra,b
yagyesh,aa
ashish,bb
ravi,aa
john,e
devendra,b
yagyesh,aa
ashish,bb
ravi,aa
john,e
devendra,b
yagyesh,aa
ashish,bb
ravi,aa
john,e
devendra,b
yagyesh,aa
ashish,bb
ravi,aa
john,e
devendra,b
yagyesh,aa
ashish,bb
ravi,aa
john,e
devendra,b
yagyesh,aa
ashish,bb
ravi,aa
john,e
devendra,b
yagyesh,aa
ashish,bb
ravi,aa
john,e
devendra,b
yagyesh,aa
ashish,bb
ravi,aa
john,e
devendra,b
yagyesh,aa
ashish,bb
ravi,aa
john,e
devendra,b
yagyesh,aa
ashish,bb
ravi,aa
john,e
devendra,b
yagyesh,aa
ashish,bb
ravi,aa
john,e
devendra,b
yagyesh,aa
ashish,bb
ravi,aa
john,e
devendra,b
yagyesh,aa
ashish,bb
ravi,aa
john,e
devendra,b
yagyesh,aa
ashish,bb
ravi,aa
john,e
devendra,b
yagyesh,aa
ashish,bb
ravi,aa
john,e
devendra,b
yagyesh,aa
ashish,bb
ravi,aa
john,e
devendra,b
yagyesh,aa
ashish,bb
ravi,aa
john,e
devendra,b
yagyesh,aa
ashish,bb
ravi,aa
john,e
devendra,b
yagyesh,aa
ashish,bb
ravi,aa
john,e
devendra,b
yagyesh,aa
ashish,bb
ravi,aa
john,e
devendra,b
yagyesh,aa
ashish,bb
ravi,aa
john,e
devendra,b
yagyesh,aa
ashish,bb
ravi,aa
john,e
devendra,b
yagyesh,aa
ashish,bb
ravi,aa
john,e
devendra,b
yagyesh,aa
ashish,bb
ravi,aa
john,e
devendra,b
yagyesh,aa
ashish,bb
ravi,aa
john,e
devendra,b
yagyesh,aa
ashish,bb
ravi,aa
john,e
devendra,b
yagyesh,aa
ashish,bb
ravi,aa
john,e
devendra,b
yagyesh,aa
ashish,bb
ravi,aa
john,e
devendra,b
yagyesh,aa
ashish,bb
ravi,aa
john,e
devendra,b
yagyesh,aa
ashish,bb
ravi,aa
john,e
devendra,b
yagyesh,aa
ashish,bb
ravi,aa
john,e
devendra,b
yagyesh,aa
ashish,bb
ravi,aa
john,e
devendra,b
yagyesh,aa
ashish,bb
ravi,aa
john,e
devendra,b
yagyesh,aa
ashish,bb
ravi,aa
john,e
devendra,b
yagyesh,aa
ashish,bb
ravi,aa
john,e
devendra,b
yagyesh,aa
ashish,bb
ravi,aa
john,e
devendra,b
yagyesh,aa
ashish,bb
ravi,aa
john,e
devendra,b
yagyesh,aa
ashish,bb
ravi,aa
john,e
devendra,b
yagyesh,aa
ashish,bb
ravi,aa
john,e
devendra,b
yagyesh,aa
ashish,bb
ravi,aa
john,e
devendra,b
yagyesh,aa
ashish,bb
ravi,aa
john,e
devendra,b
yagyesh,aa
ashish,bb
ravi,aa
john,e
devendra,b
yagyesh,aa
ashish,bb
ravi,aa
john,e
devendra,b
yagyesh,aa
ashish,bb
ravi,aa
john,e
devendra,b
yagyesh,aa
ashish,bb
ravi,aa
john,e
devendra,b
yagyesh,aa
ashish,bb
ravi,aa
john,e
devendra,b
yagyesh,aa
ashish,bb
ravi,aa
john,e
devendra,b
yagyesh,aa
ashish,bb
ravi,aa
john,e
devendra,b
yagyesh,aa
ashish,bb
ravi,aa
john,e
devendra,b
yagyesh,aa
ashish,bb
ravi,aa
john,e
devendra,b
yagyesh,aa
ashish,bb
ravi,aa
john,e
devendra,b
yagyesh,aa
ashish,bb
ravi,aa
john,e
devendra,b
yagyesh,aa
ashish,bb
ravi,aa
john,e
devendra,b
yagyesh,aa
ashish,bb
ravi,aa
john,e
devendra,b
yagyesh,aa
ashish,bb
ravi,aa
john,e
devendra,b
yagyesh,aa
ashish,bb
ravi,aa
john,e
devendra,b
yagyesh,aa
ashish,bb
ravi,aa
john,e
devendra,b
yagyesh,aa
ashish,bb
ravi,aa
john,e
devendra,b
yagyesh,aa
ashish,bb
ravi,aa
john,e
devendra,b
yagyesh,aa
ashish,bb
ravi,aa
john,e
devendra,b
yagyesh,aa
ashish,bb
ravi,aa
john,e
devendra,b
yagyesh,aa
ashish,bb
ravi,aa
john,e
devendra,b
yagyesh,aa
ashish,bb
ravi,aa
john,e
devendra,b
yagyesh,aa
ashish,bb
ravi,aa
john,e
devendra,b
yagyesh,aa
ashish,bb
ravi,aa
john,e
devendra,b
yagyesh,aa
ashish,bb
ravi,aa
john,e
devendra,b
yagyesh,aa
ashish,bb
ravi,aa
john,e
devendra,b
yagyesh,aa
ashish,bb
ravi,aa
john,e
devendra,b
yagyesh,aa
ashish,bb
ravi,aa
john,e
devendra,b
yagyesh,aa
ashish,bb
ravi,aa
john,e
devendra,b
yagyesh,aa
ashish,bb
ravi,aa
john,e
devendra,b
yagyesh,aa
ashish,bb
ravi,aa
john,e
devendra,b
yagyesh,aa
ashish,bb
ravi,aa
john,e
devendra,b
yagyesh,aa
ashish,bb
ravi,aa
john,e
devendra,b
yagyesh,aa
ashish,bb
ravi,aa
john,e
devendra,b
yagyesh,aa
ashish,bb
ravi,aa
john,e
devendra,b
yagyesh,aa
ashish,bb
ravi,aa
john,e
devendra,b
yagyesh,aa
ashish,bb
ravi,aa
john,e
devendra,b
yagyesh,aa
ashish,bb
ravi,aa
john,e
devendra,b
yagyesh,aa
ashish,bb
ravi,aa
john,e
devendra,b
yagyesh,aa
ashish,bb
ravi,aa
john,e
devendra,b
yagyesh,aa
ashish,bb
ravi,aa
john,e
devendra,b
yagyesh,aa
ashish,bb
ravi,aa
john,e
devendra,b
yagyesh,aa
ashish,bb
ravi,aa
john,e
devendra,b
yagyesh,aa
ashish,bb
ravi,aa
john,e
devendra,b
yagyesh,aa
ashish,bb
ravi,aa
john,e
devendra,b
yagyesh,aa
ashish,bb
ravi,aa
john,e
devendra,b
yagyesh,aa
ashish,bb
ravi,aa
john,e
devendra,b
yagyesh,aa
ashish,bb
ravi,aa
john,e
devendra,b
yagyesh,aa
ashish,bb
ravi,aa
john,e
devendra,b
yagyesh,aa
ashish,bb
ravi,aa
john,e
devendra,b
yagyesh,aa
ashish,bb
ravi,aa
john,e
devendra,b
yagyesh,aa
ashish,bb
ravi,aa
john,e
devendra,b
yagyesh,aa
ashish,bb
ravi,aa
john,e
devendra,b
yagyesh,aa
ashish,bb
ravi,aa
john,e
devendra,b
yagyesh,aa
ashish,bb
ravi,aa
john,e
devendra,b
yagyesh,aa
ashish,bb
ravi,aa
john,e
devendra,b
yagyesh,aa
ashish,bb
ravi,aa
john,e
devendra,b
yagyesh,aa
ashish,bb
ravi,aa
john,e
devendra,b
yagyesh,aa
ashish,bb
ravi,aa
john,e
devendra,b
yagyesh,aa
ashish,bb
ravi,aa
john,e
devendra,b
yagyesh,aa
ashish,bb
ravi,aa
john,e
devendra,b
yagyesh,aa
ashish,bb
ravi,aa
john,e
devendra,b
yagyesh,aa
ashish,bb
ravi,aa
john,e
devendra,b
yagyesh,aa
ashish,bb
ravi,aa
john,e
devendra,b
yagyesh,aa
ashish,bb
ravi,aa
john,e
devendra,b
yagyesh,aa
ashish,bb
ravi,aa
john,e
devendra,b
yagyesh,aa
ashish,bb
ravi,aa
john,e
devendra,b
yagyesh,aa
ashish,bb
ravi,aa
john,e
devendra,b
yagyesh,aa
ashish,bb
ravi,aa
john,e
devendra,b
yagyesh,aa
ashish,bb
ravi,aa
john,e
devendra,b
yagyesh,aa
ashish,bb
ravi,aa
john,e
devendra,b
yagyesh,aa
ashish,bb
ravi,aa
john,e
devendra,b
yagyesh,aa
ashish,bb
ravi,aa
john,e
devendra,b
yagyesh,aa
ashish,bb
ravi,aa
john,e
devendra,b
yagyesh,aa
ashish,bb
ravi,aa
john,e
devendra,b
yagyesh,aa
ashish,bb
ravi,aa
john,e
devendra,b
yagyesh,aa
ashish,bb
ravi,aa
john,e
devendra,b
yagyesh,aa
ashish,bb
ravi,aa
john,e
devendra,b
yagyesh,aa
ashish,bb
ravi,aa
john,e
devendra,b
yagyesh,aa
ashish,bb
ravi,aa
john,e
devendra,b
yagyesh,aa
ashish,bb
ravi,aa
john,e
devendra,b
yagyesh,aa
ashish,bb
ravi,aa
john,e
devendra,b
yagyesh,aa
ashish,bb
ravi,aa
john,e
devendra,b
yagyesh,aa
ashish,bb
ravi,aa
john,e
devendra,b
yagyesh,aa
ashish,bb
ravi,aa
john,e
devendra,b
yagyesh,aa
ashish,bb
ravi,aa
john,e
devendra,b
yagyesh,aa
ashish,bb
ravi,aa
john,e
devendra,b
yagyesh,aa
ashish,bb
ravi,aa
john,e
devendra,b
yagyesh,aa
ashish,bb
ravi,aa
john,e
devendra,b
yagyesh,aa
ashish,bb
ravi,aa
john,e
devendra,b
yagyesh,aa
ashish,bb
ravi,aa
john,e
devendra,b
yagyesh,aa
ashish,bb
ravi,aa
john,e
devendra,b
yagyesh,aa
ashish,bb
ravi,aa
john,e
devendra,b
yagyesh,aa
ashish,bb
ravi,aa
john,e
devendra,b
yagyesh,aa
ashish,bb
ravi,aa
john,e
devendra,b
yagyesh,aa
ashish,bb
ravi,aa
john,e
devendra,b
yagyesh,aa
ashish,bb
ravi,aa
john,e
devendra,b
yagyesh,aa
ashish,bb
ravi,aa
john,e
devendra,b
yagyesh,aa
ashish,bb
ravi,aa
john,e
devendra,b
yagyesh,aa
ashish,bb
ravi,aa
john,e
devendra,b
yagyesh,aa
ashish,bb
ravi,aa
john,e
devendra,b
yagyesh,aa
ashish,bb
ravi,aa
john,e
devendra,b
yagyesh,aa
ashish,bb
ravi,aa
john,e
devendra,b
yagyesh,aa
ashish,bb
ravi,aa
john,e
devendra,b
yagyesh,aa
ashish,bb
ravi,aa
john,e
devendra,b
yagyesh,aa
ashish,bb
ravi,aa
john,e
devendra,b
yagyesh,aa
ashish,bb
ravi,aa
john,e
devendra,b
yagyesh,aa
ashish,bb
ravi,aa
john,e
devendra,b
yagyesh,aa
ashish,bb
ravi,aa
john,e
devendra,b
yagyesh,aa
ashish,bb
ravi,aa
john,e
devendra,b
yagyesh,aa
ashish,bb
ravi,aa
john,e
devendra,b
yagyesh,aa
ashish,bb
ravi,aa
john,e
devendra,b
yagyesh,aa
ashish,bb
ravi,aa
john,e
devendra,b
yagyesh,aa
ashish,bb
ravi,aa
john,e
devendra,b
yagyesh,aa
ashish,bb
ravi,aa
john,e
devendra,b
yagyesh,aa
ashish,bb
ravi,aa
john,e
devendra,b
yagyesh,aa
ashish,bb
ravi,aa
john,e
devendra,b
yagyesh,aa
ashish,bb
ravi,aa
john,e
devendra,b
yagyesh,aa
ashish,bb
ravi,aa
john,e
devendra,b
yagyesh,aa
ashish,bb
ravi,aa
john,e
devendra,b
yagyesh,aa
ashish,bb
ravi,aa
john,e
devendra,b
yagyesh,aa
ashish,bb
ravi,aa
john,e
devendra,b
yagyesh,aa
ashish,bb
ravi,aa
john,e
devendra,b
yagyesh,aa
ashish,bb
ravi,aa
john,e
devendra,b
yagyesh,aa
ashish,bb
ravi,aa
john,e
devendra,b
yagyesh,aa
ashish,bb
ravi,aa
john,e
devendra,b
yagyesh,aa
ashish,bb
ravi,aa
john,e
devendra,b
yagyesh,aa
ashish,bb
ravi,aa
john,e
devendra,b
yagyesh,aa
ashish,bb
ravi,aa
john,e
devendra,b
yagyesh,aa
ashish,bb
ravi,aa
john,e
devendra,b
yagyesh,aa
ashish,bb
ravi,aa
john,e
devendra,b
yagyesh,aa
ashish,bb
ravi,aa
john,e
devendra,b
yagyesh,aa
ashish,bb
ravi,aa
john,e
devendra,b
yagyesh,aa
ashish,bb
ravi,aa
john,e
devendra,b
yagyesh,aa
ashish,bb
ravi,aa
john,e
devendra,b
yagyesh,aa
ashish,bb
ravi,aa
john,e
devendra,b
yagyesh,aa
ashish,bb
ravi,aa
john,e
devendra,b
yagyesh,aa
ashish,bb
ravi,aa
john,e
devendra,b
yagyesh,aa
ashish,bb
ravi,aa
john,e
devendra,b
yagyesh,aa
ashish,bb
ravi,aa
john,e
devendra,b
yagyesh,aa
ashish,bb
ravi,aa
john,e
devendra,b
yagyesh,aa
ashish,bb
ravi,aa
john,e
devendra,b
yagyesh,aa
ashish,bb
ravi,aa
john,e
devendra,b
yagyesh,aa
ashish,bb
ravi,aa
john,e
devendra,b
yagyesh,aa
ashish,bb
ravi,aa
john,e
devendra,b
yagyesh,aa
ashish,bb
ravi,aa
john,e
devendra,b
yagyesh,aa
ashish,bb
ravi,aa
john,e
devendra,b
yagyesh,aa
ashish,bb
ravi,aa
john,e
devendra,b
yagyesh,aa
ashish,bb
ravi,aa
john,e
devendra,b
yagyesh,aa
ashish,bb
ravi,aa
john,e
devendra,b
yagyesh,aa
ashish,bb
ravi,aa
john,e
devendra,b
yagyesh,aa
ashish,bb
ravi,aa
john,e
devendra,b
yagyesh,aa
ashish,bb
ravi,aa
john,e
devendra,b
yagyesh,aa
ashish,bb
ravi,aa
john,e
devendra,b
yagyesh,aa
ashish,bb
ravi,aa
john,e
devendra,b
yagyesh,aa
ashish,bb
ravi,aa
john,e
devendra,b
yagyesh,aa
ashish,bb
ravi,aa
john,e
devendra,b
yagyesh,aa
ashish,bb
ravi,aa
john,e
devendra,b
yagyesh,aa
ashish,bb
ravi,aa
john,e
devendra,b
yagyesh,aa
ashish,bb
ravi,aa
john,e
devendra,b
yagyesh,aa
ashish,bb
ravi,aa
john,e
devendra,b
yagyesh,aa
ashish,bb
ravi,aa
john,e
devendra,b
yagyesh,aa
ashish,bb
ravi,aa
john,e
devendra,b
yagyesh,aa
ashish,bb
ravi,aa
john,e
devendra,b
yagyesh,aa
ashish,bb
ravi,aa
john,e
devendra,b
yagyesh,aa
ashish,bb
ravi,aa
john,e
devendra,b
yagyesh,aa
ashish,bb
ravi,aa
john,e
devendra,b
yagyesh,aa
ashish,bb
ravi,aa
john,e
devendra,b
yagyesh,aa
ashish,bb
ravi,aa
john,e
devendra,b
yagyesh,aa
ashish,bb
ravi,aa
john,e
devendra,b
yagyesh,aa
ashish,bb
ravi,aa
john,e
devendra,b
yagyesh,aa
ashish,bb
ravi,aa
john,e
devendra,b
yagyesh,aa
ashish,bb
ravi,aa
john,e
devendra,b
yagyesh,aa
ashish,bb
ravi,aa
john,e
devendra,b
yagyesh,aa
ashish,bb
ravi,aa
john,e
devendra,b
yagyesh,aa
ashish,bb
ravi,aa
john,e
devendra,b
yagyesh,aa
ashish,bb
ravi,aa
john,e
devendra,b
yagyesh,aa
ashish,bb
ravi,aa
john,e
devendra,b
yagyesh,aa
ashish,bb
ravi,aa
john,e
devendra,b
yagyesh,aa
ashish,bb
ravi,aa
john,e
devendra,b
yagyesh,aa
ashish,bb
ravi,aa
john,e
devendra,b
yagyesh,aa
ashish,bb
ravi,aa
john,e
devendra,b
yagyesh,aa
ashish,bb
ravi,aa
john,e
devendra,b
yagyesh,aa
ashish,bb
ravi,aa
john,e
devendra,b
yagyesh,aa
ashish,bb
ravi,aa
john,e
devendra,b
yagyesh,aa
ashish,bb
ravi,aa
john,e
devendra,b
yagyesh,aa
ashish,bb
ravi,aa
john,e
devendra,b
yagyesh,aa
ashish,bb
ravi,aa
john,e
devendra,b
yagyesh,aa
ashish,bb
ravi,aa
john,e
devendra,b
yagyesh,aa
ashish,bb
ravi,aa
john,e
devendra,b
yagyesh,aa
ashish,bb
ravi,aa
john,e
devendra,b
yagyesh,aa
ashish,bb
ravi,aa
john,e
devendra,b
yagyesh,aa
ashish,bb
ravi,aa
john,e
devendra,b
yagyesh,aa
ashish,bb
ravi,aa
john,e
devendra,b
yagyesh,aa
ashish,bb
ravi,aa
john,e
devendra,b
yagyesh,aa
ashish,bb
ravi,aa
john,e
devendra,b
yagyesh,aa
ashish,bb
ravi,aa
john,e
devendra,b
yagyesh,aa
ashish,bb
ravi,aa
john,e
devendra,b
yagyesh,aa
ashish,bb
ravi,aa
john,e
devendra,b
yagyesh,aa
ashish,bb
ravi,aa
john,e
devendra,b
yagyesh,aa
ashish,bb
ravi,aa
john,e
devendra,b
yagyesh,aa
ashish,bb
ravi,aa
john,e
devendra,b
yagyesh,aa
ashish,bb
ravi,aa
john,e
devendra,b
yagyesh,aa
ashish,bb
ravi,aa
john,e
devendra,b
yagyesh,aa
ashish,bb
ravi,aa
john,e
devendra,b
yagyesh,aa
ashish,bb
ravi,aa
john,e
devendra,b
yagyesh,aa
ashish,bb
ravi,aa
john,e
devendra,b
yagyesh,aa
ashish,bb
ravi,aa
john,e
devendra,b
yagyesh,aa
ashish,bb
ravi,aa
john,e
devendra,b
yagyesh,aa
ashish,bb
ravi,aa
john,e
devendra,b
yagyesh,aa
ashish,bb
ravi,aa
john,e
devendra,b
yagyesh,aa
ashish,bb
ravi,aa
john,e
devendra,b
yagyesh,aa
ashish,bb
ravi,aa
john,e
devendra,b
yagyesh,aa
ashish,bb
ravi,aa
john,e
devendra,b
yagyesh,aa
ashish,bb
ravi,aa
john,e
devendra,b
yagyesh,aa
ashish,bb
ravi,aa
john,e
devendra,b
yagyesh,aa
ashish,bb
ravi,aa
john,e
devendra,b
yagyesh,aa
ashish,bb
ravi,aa
john,e
devendra,b
yagyesh,aa
ashish,bb
ravi,aa
john,e
devendra,b
yagyesh,aa
ashish,bb
ravi,aa
john,e
devendra,b
yagyesh,aa
ashish,bb
ravi,aa
john,e
devendra,b
yagyesh,aa
ashish,bb
ravi,aa
john,e
devendra,b
yagyesh,aa
ashish,bb
ravi,aa
john,e
devendra,b
yagyesh,aa
ashish,bb
ravi,aa
john,e
devendra,b
yagyesh,aa
ashish,bb
ravi,aa
john,e
devendra,b
yagyesh,aa
ashish,bb
ravi,aa
john,e
devendra,b
yagyesh,aa
ashish,bb
ravi,aa
john,e
devendra,b
yagyesh,aa
ashish,bb
ravi,aa
john,e
devendra,b
yagyesh,aa
ashish,bb
ravi,aa
john,e
devendra,b
yagyesh,aa
ashish,bb
ravi,aa
john,e
devendra,b
yagyesh,aa
ashish,bb
ravi,aa
john,e
devendra,b
yagyesh,aa
ashish,bb
ravi,aa
john,e
devendra,b
yagyesh,aa
ashish,bb
ravi,aa
john,e
devendra,b
yagyesh,aa
ashish,bb
ravi,aa
john,e
devendra,b
yagyesh,aa
ashish,bb
ravi,aa
john,e
devendra,b
yagyesh,aa
ashish,bb
ravi,aa
john,e
devendra,b
yagyesh,aa
ashish,bb
ravi,aa
john,e
devendra,b
yagyesh,aa
ashish,bb
ravi,aa
john,e
devendra,b
yagyesh,aa
ashish,bb
ravi,aa
john,e
devendra,b
yagyesh,aa
ashish,bb
ravi,aa
john,e
devendra,b
yagyesh,aa
ashish,bb
ravi,aa
john,e
devendra,b
yagyesh,aa
ashish,bb
ravi,aa
john,e
devendra,b









































































































